Timestamp,User Count,Type,Name,Requests/s,Failures/s,50%,66%,75%,80%,90%,95%,98%,99%,99.9%,99.99%,100%,Total Request Count,Total Failure Count,Total Median Response Time,Total Average Response Time,Total Min Response Time,Total Max Response Time,Total Average Content Size
1708633098,0,,Aggregated,0.000000,0.000000,N/A,N/A,N/A,N/A,N/A,N/A,N/A,N/A,N/A,N/A,N/A,0,0,0,0.0,0,0,0
1708633099,5,,Aggregated,0.000000,0.000000,2,3,3,3,3,3,4,6,88,91,91,1659,0,2,2.7528052049480505,1.484697000705637,90.71459400001913,15.0
1708633100,10,,Aggregated,0.000000,0.000000,4,4,5,5,5,5,6,6,85,91,91,3627,0,4,3.665631805360097,1.484697000705637,90.71459400001913,15.0
1708633101,15,,Aggregated,0.000000,0.000000,5,5,6,6,7,7,8,9,20,91,91,5618,0,5,4.582824365438619,1.484697000705637,90.71459400001913,15.0
1708633102,20,,Aggregated,889.500000,0.000000,5,7,8,9,9,10,11,12,27,91,91,7548,0,5,5.792957062404771,1.484697000705637,90.71459400001913,15.0
1708633103,25,,Aggregated,1247.333333,0.000000,6,9,10,11,12,13,14,16,49,91,91,9358,0,6,7.085662151850865,1.484697000705637,90.71459400001913,15.0
1708633104,30,,Aggregated,1431.000000,0.000000,8,10,12,13,14,15,17,18,50,88,91,11228,0,8,8.310198772355882,1.484697000705637,90.71459400001913,15.0
1708633105,35,,Aggregated,1524.200000,0.000000,9,12,13,14,15,17,19,22,56,88,91,13063,0,9,9.327305471406246,1.484697000705637,90.71459400001913,15.0
1708633106,40,,Aggregated,1573.833333,0.000000,10,13,14,15,18,21,23,25,55,88,91,14911,0,10,10.487898891018624,1.484697000705637,90.71459400001913,15.0
1708633107,45,,Aggregated,1613.285714,0.000000,12,14,16,17,21,23,26,28,56,88,91,16756,0,12,11.670816530077206,1.484697000705637,90.71459400001913,15.0
1708633108,50,,Aggregated,1642.375000,0.000000,13,15,18,19,23,26,27,29,60,93,93,18581,0,13,12.792360015498694,1.484697000705637,93.2453200002783,15.0
1708633109,55,,Aggregated,1665.666667,0.000000,13,17,19,20,24,26,29,31,60,110,110,20498,0,13,13.731022444140137,1.484697000705637,113.58770900005766,15.0
1708633110,60,,Aggregated,1682.200000,0.000000,14,18,21,22,26,29,32,35,69,130,130,22283,0,14,14.831792883811895,1.484697000705637,133.10270900001342,15.0
1708633111,65,,Aggregated,1864.200000,0.000000,15,19,22,24,28,31,36,43,84,180,180,23961,0,15,15.981203934516435,1.484697000705637,181.20652299967333,15.0
1708633112,70,,Aggregated,1877.000000,0.000000,16,21,25,26,29,33,38,44,86,180,180,25756,0,16,17.036287039756637,1.484697000705637,181.20652299967333,15.0
1708633113,75,,Aggregated,1856.200000,0.000000,17,23,26,28,31,35,41,46,93,180,180,27484,0,17,18.11520868185018,1.484697000705637,181.20652299967333,15.0
1708633114,80,,Aggregated,1825.300000,0.000000,18,24,27,29,34,38,42,47,110,180,180,29111,0,18,19.214002668577788,1.484697000705637,181.20652299967333,15.0
1708633116,85,,Aggregated,1813.500000,0.000000,19,26,29,31,37,39,44,47,110,180,180,30821,0,19,20.26818499999957,1.484697000705637,181.47633999979007,15.0
1708633117,90,,Aggregated,1781.800000,0.000000,20,27,30,33,38,42,47,50,130,180,180,32544,0,20,21.405253994929925,1.484697000705637,181.47633999979007,15.0
1708633118,95,,Aggregated,1768.200000,0.000000,21,28,32,35,40,45,48,53,130,200,220,34231,0,21,22.50336716642758,1.484697000705637,216.00003599996853,15.0
1708633119,100,,Aggregated,1751.300000,0.000000,22,29,34,37,42,47,53,57,140,230,230,35938,0,22,23.630406772413323,1.484697000705637,226.1090289994172,15.0
1708633120,105,,Aggregated,1736.400000,0.000000,24,31,36,38,44,49,56,61,140,230,230,37576,0,24,24.70032783393651,1.484697000705637,226.1090289994172,15.0
1708633121,110,,Aggregated,1724.600000,0.000000,25,33,37,39,45,50,57,62,150,250,250,39356,0,25,25.629474172096508,1.484697000705637,253.20267799997964,15.0
1708633122,115,,Aggregated,1697.200000,0.000000,26,35,38,41,47,52,58,65,160,250,250,41091,0,26,26.654411127424897,1.484697000705637,253.20267799997964,15.0
1708633123,120,,Aggregated,1700.700000,0.000000,27,36,40,43,49,54,60,67,170,260,270,42756,0,27,27.717591186827597,1.484697000705637,270.8330300001762,15.0
1708633124,125,,Aggregated,1704.400000,0.000000,28,37,41,45,51,56,61,70,180,270,270,44416,0,28,28.769241273730323,1.484697000705637,270.8478180002203,15.0
1708633125,130,,Aggregated,1692.000000,0.000000,29,38,43,46,53,57,62,69,180,270,270,46091,0,29,29.794587786617708,1.484697000705637,273.63216699995974,15.0
1708633126,135,,Aggregated,1683.500000,0.000000,30,39,45,48,55,59,64,72,180,320,320,47771,0,30,30.83855385376104,1.484697000705637,316.1936099995728,15.0
1708633127,140,,Aggregated,1688.000000,0.000000,31,40,47,50,57,61,68,75,200,320,320,49414,0,31,31.93335952499389,1.484697000705637,321.1809149997862,15.0
1708633128,145,,Aggregated,1683.500000,0.000000,32,42,48,52,58,64,71,77,210,320,330,51040,0,32,33.030830270828105,1.484697000705637,332.75077500002226,15.0
1708633129,150,,Aggregated,1681.000000,0.000000,33,44,50,53,60,67,74,82,220,330,350,52697,0,33,34.15039171658842,1.484697000705637,353.8543919994481,15.0
1708633130,155,,Aggregated,1673.000000,0.000000,35,45,52,55,62,69,76,85,230,350,360,54325,0,35,35.282490993485034,1.484697000705637,357.3335669998414,15.0
1708633131,160,,Aggregated,1668.000000,0.000000,36,46,53,56,65,71,77,89,230,350,360,55991,0,36,36.335929512958515,1.484697000705637,357.3335669998414,15.0
1708633132,165,,Aggregated,1664.900000,0.000000,36,48,55,58,67,73,79,93,240,360,380,57625,0,36,37.415615375133456,1.484697000705637,378.4028659993055,15.0
1708633133,170,,Aggregated,1654.400000,0.000000,37,49,56,59,70,75,82,98,250,380,410,59220,0,37,38.50522542379343,1.484697000705637,412.8553149994332,15.0
1708633134,175,,Aggregated,1643.900000,0.000000,38,51,57,61,71,76,83,97,250,410,420,60888,0,38,39.5231544828381,1.484697000705637,415.2230670006247,15.0
1708633135,180,,Aggregated,1637.900000,0.000000,39,52,59,63,73,77,84,99,260,410,420,62553,0,39,40.52826378861175,1.484697000705637,415.2230670006247,15.0
1708633136,185,,Aggregated,1638.200000,0.000000,40,54,60,66,74,78,87,99,270,420,450,64256,0,40,41.52266814591663,1.484697000705637,447.23839400012366,15.0
1708633137,190,,Aggregated,1637.100000,0.000000,41,55,62,68,75,80,89,100,270,430,450,65973,0,41,42.53984238159588,1.484697000705637,447.23839400012366,15.0
1708633138,195,,Aggregated,1641.500000,0.000000,42,56,64,69,76,82,93,100,270,440,450,67654,0,42,43.55165470069813,1.484697000705637,447.23839400012366,15.0
1708633139,200,,Aggregated,1644.900000,0.000000,43,57,66,70,77,84,96,100,320,450,470,69380,0,43,44.56753466666217,1.484697000705637,472.9561989997819,15.0
1708633140,200,,Aggregated,1651.800000,0.000000,45,59,68,72,79,86,98,100,270,440,470,71158,0,45,45.54837259310282,1.484697000705637,472.9561989997819,15.0
1708633141,200,,Aggregated,1661.200000,0.000000,46,60,69,72,80,88,99,110,270,440,470,72780,0,46,46.44568312295952,1.484697000705637,472.9561989997819,15.0
1708633142,200,,Aggregated,1671.400000,0.000000,47,62,70,73,82,90,100,110,270,440,470,74480,0,47,47.386353729269494,1.484697000705637,472.9561989997819,15.0
1708633143,200,,Aggregated,1672.500000,0.000000,48,63,71,74,83,91,100,110,270,440,470,76207,0,48,48.198793011271725,1.484697000705637,472.9561989997819,15.0
1708633144,200,,Aggregated,1672.000000,0.000000,49,65,72,75,84,91,100,110,270,440,470,77980,0,49,48.9452166360091,1.484697000705637,472.9561989997819,15.0
1708633145,200,,Aggregated,1692.500000,0.000000,50,66,73,76,85,92,100,110,270,440,470,79780,0,50,49.73326781364968,1.484697000705637,472.9561989997819,15.0
1708633146,200,,Aggregated,1702.500000,0.000000,52,67,73,77,85,92,100,110,260,440,470,81580,0,52,50.409223450771634,1.484697000705637,472.9561989997819,15.0
1708633147,200,,Aggregated,1704.500000,0.000000,53,68,74,78,86,92,100,110,260,440,470,83280,0,53,51.08907776245144,1.484697000705637,472.9561989997819,15.0
1708633148,200,,Aggregated,1710.900000,0.000000,54,69,75,78,86,93,100,110,260,440,470,84980,0,54,51.72245913633723,1.484697000705637,472.9561989997819,15.0
1708633149,200,,Aggregated,1721.700000,0.000000,55,70,76,79,87,93,100,110,250,440,470,86780,0,55,52.370440405611205,1.484697000705637,472.9561989997819,15.0
1708633150,200,,Aggregated,1732.400000,0.000000,56,71,76,80,88,94,110,110,250,440,470,88508,0,56,53.01836314091268,1.484697000705637,472.9561989997819,15.0
1708633151,200,,Aggregated,1724.900000,0.000000,57,71,77,80,88,95,110,110,240,440,470,90180,0,57,53.63044886262921,1.484697000705637,472.9561989997819,15.0
1708633152,200,,Aggregated,1729.600000,0.000000,58,72,77,81,88,95,110,110,240,440,470,91980,0,58,54.14957139874843,1.484697000705637,472.9561989997819,15.0
1708633153,200,,Aggregated,1722.700000,0.000000,58,72,78,81,88,95,110,110,240,440,470,93780,0,58,54.64800559314183,1.484697000705637,472.9561989997819,15.0
1708633154,200,,Aggregated,1740.000000,0.000000,59,73,78,82,89,95,110,110,230,440,470,95580,0,59,55.16641784368986,1.484697000705637,472.9561989997819,15.0
1708633155,200,,Aggregated,1740.000000,0.000000,60,73,79,82,89,96,110,110,230,440,470,97180,0,60,55.735997840192226,1.484697000705637,472.9561989997819,15.0
1708633156,200,,Aggregated,1745.000000,0.000000,61,73,79,82,89,97,110,110,230,440,470,99030,0,61,56.17937260299814,1.484697000705637,472.9561989997819,15.0
1708633157,200,,Aggregated,1737.300000,0.000000,62,74,79,82,89,97,110,110,220,440,470,100881,0,62,56.595000489922924,1.484697000705637,472.9561989997819,15.0
1708633158,200,,Aggregated,1740.000000,0.000000,63,74,80,83,89,97,110,110,220,440,470,102630,0,63,57.025258404900306,1.484697000705637,472.9561989997819,15.0
1708633159,200,,Aggregated,1740.000000,0.000000,64,75,80,83,90,97,110,110,220,440,470,104380,0,64,57.46495936003007,1.484697000705637,472.9561989997819,15.0
1708633160,200,,Aggregated,1742.200000,0.000000,64,75,80,83,90,98,110,110,210,440,470,106006,0,64,57.94136539530706,1.484697000705637,472.9561989997819,15.0
1708633161,200,,Aggregated,1754.200000,0.000000,65,76,81,84,90,98,110,120,210,440,470,107507,0,65,58.51205509702549,1.484697000705637,472.9561989997819,15.0
1708633162,200,,Aggregated,1740.000000,0.000000,66,76,81,84,91,99,110,120,200,440,470,109281,0,66,58.92185466243833,1.484697000705637,472.9561989997819,15.0
1708633163,200,,Aggregated,1739.900000,0.000000,66,76,81,84,90,99,110,120,190,440,470,111180,0,66,59.160606570812064,1.484697000705637,472.9561989997819,15.0
1708633164,200,,Aggregated,1717.700000,0.000000,67,76,81,84,91,99,110,120,190,440,470,113007,0,67,59.48027898882269,1.484697000705637,472.9561989997819,15.0
1708633165,200,,Aggregated,1730.000000,0.000000,67,76,81,84,91,99,110,120,190,440,470,114880,0,67,59.8237406000253,1.484697000705637,472.9561989997819,15.0
1708633166,200,,Aggregated,1740.000000,0.000000,67,76,81,84,91,99,110,120,190,440,470,116707,0,67,60.138248345591194,1.484697000705637,472.9561989997819,15.0
1708633167,200,,Aggregated,1760.000000,0.000000,68,76,81,84,91,99,110,120,190,440,470,118680,0,68,60.33806500923405,1.484697000705637,472.9561989997819,15.0
1708633168,200,,Aggregated,1760.000000,0.000000,68,76,81,84,91,99,110,120,190,440,470,120580,0,68,60.60673352268973,1.484697000705637,472.9561989997819,15.0
1708633169,200,,Aggregated,1765.000000,0.000000,68,77,81,84,91,99,110,120,190,440,470,122380,0,68,60.90757680549889,1.484697000705637,472.9561989997819,15.0
1708633170,200,,Aggregated,1780.000000,0.000000,69,77,82,84,91,99,110,120,180,440,470,124107,0,69,61.220128601601694,1.484697000705637,472.9561989997819,15.0
1708633171,200,,Aggregated,1780.900000,0.000000,69,77,82,85,91,100,110,120,180,440,470,125680,0,69,61.58794158230403,1.484697000705637,472.9561989997819,15.0
1708633172,200,,Aggregated,1790.000000,0.000000,69,77,82,85,91,100,110,120,180,440,470,127580,0,69,61.795389466350585,1.484697000705637,472.9561989997819,15.0
1708633173,200,,Aggregated,1797.400000,0.000000,70,78,82,85,91,100,110,120,180,440,470,129407,0,70,62.04729164590783,1.484697000705637,472.9561989997819,15.0
1708633174,200,,Aggregated,1822.300000,0.000000,70,78,82,85,91,100,110,120,180,440,470,131207,0,70,62.287155283407095,1.484697000705637,472.9561989997819,15.0
1708633175,200,,Aggregated,1810.000000,0.000000,70,78,82,85,91,100,110,120,180,440,470,133030,0,70,62.52619338125987,1.484697000705637,472.9561989997819,15.0
1708633176,200,,Aggregated,1800.000000,0.000000,70,78,82,85,91,100,110,120,180,440,470,134907,0,70,62.75089461611331,1.484697000705637,472.9561989997819,15.0
1708633177,200,,Aggregated,1800.000000,0.000000,70,78,82,85,91,100,110,120,180,440,470,136580,0,70,63.027063925603876,1.484697000705637,472.9561989997819,15.0
1708633178,200,,Aggregated,1802.700000,0.000000,71,78,83,85,92,100,110,120,180,440,470,138380,0,71,63.240173570710795,1.484697000705637,472.9561989997819,15.0
1708633179,200,,Aggregated,1795.000000,0.000000,71,78,83,85,91,100,110,120,180,430,470,140257,0,71,63.44333699388975,1.484697000705637,472.9561989997819,15.0
1708633180,200,,Aggregated,1777.700000,0.000000,71,79,83,85,92,100,110,120,180,430,470,142030,0,71,63.67217969202304,1.484697000705637,472.9561989997819,15.0
1708633181,200,,Aggregated,1780.000000,0.000000,71,79,83,85,92,100,110,120,180,430,470,143880,0,71,63.86997724001283,1.484697000705637,472.9561989997819,15.0
1708633182,200,,Aggregated,1790.000000,0.000000,71,79,83,85,92,100,110,120,180,430,470,145707,0,71,64.06227833548851,1.484697000705637,472.9561989997819,15.0
1708633183,200,,Aggregated,1800.000000,0.000000,71,79,83,85,92,100,110,120,180,430,470,147507,0,71,64.26285005784838,1.484697000705637,472.9561989997819,15.0
1708633184,200,,Aggregated,1800.000000,0.000000,72,79,83,85,92,100,110,120,180,430,470,149330,0,72,64.43925489718089,1.484697000705637,472.9561989997819,15.0
1708633185,200,,Aggregated,1800.000000,0.000000,72,79,83,85,92,100,110,120,180,430,470,151130,0,72,64.62930718355751,1.484697000705637,472.9561989997819,15.0
1708633186,200,,Aggregated,1800.000000,0.000000,72,79,83,85,92,100,110,120,180,430,470,152957,0,72,64.8162405368179,1.484697000705637,472.9561989997819,15.0
1708633187,200,,Aggregated,1802.700000,0.000000,72,79,83,85,92,100,110,120,180,430,470,154707,0,72,65.00184404661077,1.484697000705637,472.9561989997819,15.0
1708633188,200,,Aggregated,1797.300000,0.000000,72,79,83,85,92,100,110,120,180,430,470,156580,0,72,65.14598976393536,1.484697000705637,472.9561989997819,15.0
1708633189,200,,Aggregated,1800.000000,0.000000,72,79,83,85,92,100,110,120,180,430,470,158380,0,72,65.3066394957695,1.484697000705637,472.9561989997819,15.0
1708633190,200,,Aggregated,1802.300000,0.000000,72,80,83,85,92,100,110,120,180,430,470,160180,0,72,65.49567767032678,1.484697000705637,472.9561989997819,15.0
1708633191,200,,Aggregated,1802.700000,0.000000,73,80,83,86,92,100,110,120,180,430,470,161980,0,73,65.67115262997883,1.484697000705637,472.9561989997819,15.0
1708633192,200,,Aggregated,1800.000000,0.000000,73,80,83,85,92,100,110,120,180,430,470,163880,0,73,65.78896377088718,1.484697000705637,472.9561989997819,15.0
1708633193,200,,Aggregated,1800.000000,0.000000,73,80,83,85,92,100,110,120,180,430,470,165780,0,73,65.91307143996883,1.484697000705637,472.9561989997819,15.0
1708633194,200,,Aggregated,1800.000000,0.000000,73,80,83,85,92,100,110,120,180,430,470,167630,0,73,66.05551769628946,1.484697000705637,472.9561989997819,15.0
1708633195,200,,Aggregated,1810.000000,0.000000,73,80,83,86,92,100,110,120,180,430,470,169380,0,73,66.2307702573561,1.484697000705637,472.9561989997819,15.0
1708633196,200,,Aggregated,1817.700000,0.000000,73,80,83,86,92,100,110,120,180,430,470,171180,0,73,66.40007976350627,1.484697000705637,472.9561989997819,15.0
1708633197,200,,Aggregated,1815.000000,0.000000,73,80,83,86,92,100,110,120,180,430,470,173030,0,73,66.53859094369743,1.484697000705637,472.9561989997819,15.0
1708633198,200,,Aggregated,1810.000000,0.000000,73,80,84,86,92,100,110,120,180,430,470,174857,0,73,66.6892538354139,1.484697000705637,472.9561989997819,15.0
1708633199,200,,Aggregated,1816.500000,0.000000,73,80,84,86,92,100,110,120,180,430,470,176683,0,73,66.82375011474205,1.484697000705637,472.9561989997819,15.0
1708633200,200,,Aggregated,1812.700000,0.000000,73,80,84,86,92,100,110,120,180,430,470,178457,0,73,66.98301539064293,1.484697000705637,472.9561989997819,15.0
1708633201,200,,Aggregated,1817.300000,0.000000,74,80,84,86,92,100,110,120,180,430,470,180180,0,74,67.16886260678739,1.484697000705637,472.9561989997819,15.0
1708633202,200,,Aggregated,1810.000000,0.000000,74,80,84,86,92,100,110,120,180,430,470,182057,0,74,67.28636441678144,1.484697000705637,472.9561989997819,15.0
1708633203,200,,Aggregated,1810.300000,0.000000,74,80,84,86,92,100,110,120,180,430,470,183933,0,74,67.40345126481378,1.484697000705637,472.9561989997819,15.0
1708633204,200,,Aggregated,1800.000000,0.000000,74,80,84,86,92,100,110,120,180,430,470,185780,0,74,67.5117570104209,1.484697000705637,472.9561989997819,15.0
1708633205,200,,Aggregated,1801.100000,0.000000,74,80,84,86,92,100,110,120,180,430,470,187604,0,74,67.62097154733368,1.484697000705637,472.9561989997819,15.0
1708633206,200,,Aggregated,1802.300000,0.000000,74,80,84,86,92,100,110,120,180,430,470,189580,0,74,67.6885500855785,1.484697000705637,472.9561989997819,15.0
1708633207,200,,Aggregated,1802.300000,0.000000,74,80,84,86,92,100,110,120,180,420,470,191533,0,74,67.77861950032616,1.484697000705637,472.9561989997819,15.0
1708633208,200,,Aggregated,1820.000000,0.000000,74,80,84,86,92,100,110,120,180,420,470,193380,0,74,67.86840559263058,1.484697000705637,472.9561989997819,15.0
1708633209,200,,Aggregated,1823.500000,0.000000,74,80,84,86,92,100,110,120,180,420,470,195283,0,74,67.96799901637075,1.484697000705637,472.9561989997819,15.0
